<configuration>

    <property name="stdoutEncoderPattern" value="%d{HH:mm:ss} %msg%n" />
    <property name="fileEncoderPattern" value="%d{HH:mm:ss.SSS} [%thread] %-5level %logger{36} %X{akkaSource} - %msg%n" />

    <appender name="STDOUT" class="ch.qos.logback.core.ConsoleAppender">
        <encoder>
            <pattern>${stdoutEncoderPattern}</pattern>
        </encoder>
    </appender>

    <appender name="FILE" class="ch.qos.logback.core.rolling.RollingFileAppender">
        <file>${user.home}/.mantis/logs/mantis.log</file>
        <append>true</append>
        <rollingPolicy class="ch.qos.logback.core.rolling.FixedWindowRollingPolicy">
            <fileNamePattern>${user.home}/.mantis/logs/mantis.%i.log.zip</fileNamePattern>
            <minIndex>1</minIndex>
            <maxIndex>10</maxIndex>
        </rollingPolicy>
        <triggeringPolicy class="ch.qos.logback.core.rolling.SizeBasedTriggeringPolicy">
            <maxFileSize>10MB</maxFileSize>
        </triggeringPolicy>
        <encoder>
            <pattern>${fileEncoderPattern}</pattern>
        </encoder>
    </appender>

    <root level="TRACE">
        <appender-ref ref="STDOUT" />
        <appender-ref ref="FILE" />
    </root>

</configuration>
